{
    "Regensburg": [
        49.0195333,
        12.0974869
    ],
    "M\u00fcnchen": [
        48.1371079,
        11.5753822
    ],
    "Eibsee": [
        47.45824665,
        10.97084442775395
    ],
    "Zorneding": [
        48.0848806,
        11.8276735
    ],
    "Dresden Zwinger": [
        51.053029550000005,
        13.734977530931122
    ]
}