{
    "Regensburg": [
        49.0195333,
        12.0974869
    ],
    "M\u00fcnchen": [
        48.1371079,
        11.5753822
    ],
    "Eibsee": [
        47.45824665,
        10.97084442775395
    ],
    "Zorneding": [
        48.0848806,
        11.8276735
    ],
    "Dresden Zwinger": [
        51.053029550000005,
        13.734977530931122
    ],
    "Waldspielplatz P\u00f6ring, Germany": [
        48.0962513,
        11.842176145626892
    ],
    "Rottenbuch (Wandern), Germany": [
        48.4753707,
        8.9684366
    ],
    "Waldspielplatz P\u00f6ring Germany": [
        48.0962513,
        11.842176145626892
    ],
    "Truderinger Wald  Germany": [
        48.1193969,
        11.6766553
    ],
    "Rottenbuch  Germany": [
        47.7330172,
        10.9654353
    ]
}