{
    "Regensburg": [
        49.0195333,
        12.0974869
    ],
    "M\u00fcnchen": [
        48.1371079,
        11.5753822
    ],
    "Eibsee": [
        47.45824665,
        10.97084442775395
    ],
    "Zorneding": [
        48.0848806,
        11.8276735
    ],
    "Dresden Zwinger": [
        51.053029550000005,
        13.734977530931122
    ],
    "Waldspielplatz P\u00f6ring, Germany": [
        48.0962513,
        11.842176145626892
    ],
    "Rottenbuch (Wandern), Germany": [
        48.4753707,
        8.9684366
    ],
    "Waldspielplatz P\u00f6ring Germany": [
        48.0962513,
        11.842176145626892
    ],
    "Truderinger Wald  Germany": [
        48.1193969,
        11.6766553
    ],
    "Rottenbuch  Germany": [
        47.7330172,
        10.9654353
    ],
    "we've been as family": [
        51.8838269,
        5.1881194
    ],
    "Kufstein Austria": [
        47.582996,
        12.1692134
    ],
    "Bad Aibling Germany": [
        47.8640504,
        12.0097685
    ],
    "Kitzb\u00fchel Austria": [
        47.4463585,
        12.3911473
    ],
    "Forstinning Germany": [
        48.1682027,
        11.9124301
    ],
    "Zorneding Germany": [
        48.0848806,
        11.8276735
    ],
    "Vaterstetten Germany": [
        48.1058205,
        11.7710207
    ],
    "Erding Germany": [
        48.3064441,
        11.9076579
    ],
    "F\u00fcrstenfeldbruck Germany": [
        48.1813797,
        11.2382125
    ],
    "P\u00f6ring  Germany": [
        48.0938585,
        11.834065
    ],
    "Botanischer Garten M\u00fcnchen Germany": [
        48.16444815,
        11.503082985268716
    ],
    "Pfaffenhofen an der Ilm Germany": [
        48.5296743,
        11.5084954
    ],
    "Marienberg Germany": [
        50.6507279,
        13.163188
    ],
    "Augsburg Germany": [
        48.3668041,
        10.8986971
    ],
    "Friedberg  Germany": [
        48.3551962,
        10.9786498
    ],
    "nahe Albaching  Germany": [
        46.3223689,
        24.6883798
    ],
    "Neubiberg  Germany": [
        48.0769935,
        11.6615136
    ],
    "Forstinning  Germany": [
        48.1682027,
        11.9124301
    ],
    "Kelheim  Germany": [
        48.9187285,
        11.8727886
    ],
    "Steinsee  Germany": [
        51.5386066,
        10.6586759
    ],
    "Gr\u00fcnau  Germany": [
        52.4154272,
        13.5805633
    ],
    "Taufkirchen an der Vils  Germany": [
        48.3441367,
        12.1347065
    ],
    "Dinkelscherben  Germany": [
        48.3492317,
        10.5893034
    ],
    "Untermenzing H\u00fcpfburgpark  Germany": [
        48.1676754,
        10.8152467
    ],
    "Bernau  Germany": [
        52.6787254,
        13.5881114
    ],
    "Josefsthaler Wasserf\u00e4lle  Germany": [
        47.6855201,
        11.8843961
    ],
    "Unterreit  Germany": [
        48.1201191,
        12.3338335
    ],
    "Bruckm\u00fchl  Germany": [
        47.8828325,
        11.914614
    ],
    "Eibsee  Germany": [
        47.45824665,
        10.97084442775395
    ],
    "Innsbruck Germany": [
        52.478987,
        13.3436736
    ],
    "Split Kroatien": [
        43.5116383,
        16.4399659
    ],
    "Bisko Kroatien": [
        43.5812495,
        16.6815968
    ],
    "Birkenstein  Germany": [
        48.2976937,
        8.0847424
    ],
    "Brunnthal  Germany": [
        48.0073142,
        11.683456
    ],
    "Kirchseeon  Germany": [
        48.0711431,
        11.8878323
    ],
    "Riemer See Germany": [
        48.12713285,
        11.707882281858218
    ],
    "Wildpark Poing Germany": [
        48.1766915,
        11.835814177739373
    ],
    "Neubiberg Germany": [
        48.0769935,
        11.6615136
    ],
    "Weltwald  Germany": [
        48.41405435,
        11.667859723992303
    ],
    "St. Gallen Schweiz": [
        47.425618,
        9.3762397
    ],
    "Landsberg am Lech Germany": [
        48.0514973,
        10.8737728
    ],
    "Buch am Buchrain  Germany": [
        48.2157453,
        11.9936163
    ],
    "Riemer Park  Germany": [
        48.128534450000004,
        11.709798720331733
    ],
    "Zorneding  Germany": [
        48.0848806,
        11.8276735
    ],
    "Sausch\u00fctt Ebersberger Forst  Germany": [
        48.1376208,
        11.9725911
    ],
    "Siebenh\u00fctten Alm  Kreuth Germany": [
        47.606112800000005,
        11.74941905
    ],
    "Neubiberg Radtour Germany": [
        50.1944276,
        8.9863042
    ],
    "Riemer See Baden Germany": [
        48.12713285,
        11.707882281858218
    ],
    "N\u00fcrnberg Germany": [
        49.453872,
        11.077298
    ],
    "Wanderung Alplbach  Germany": [
        49.7413505,
        8.6240898
    ],
    "Kufstein  Austria": [
        47.582996,
        12.1692134
    ],
    "Vaterstetten  Germany": [
        48.1058205,
        11.7710207
    ],
    "Wessobrunn Germany": [
        47.874215,
        11.0238794
    ],
    "Gronsdorf  Germany": [
        48.1208078,
        11.7097288
    ],
    "Maisingerschlucht P\u00f6cking Germany": [
        48.1657357,
        11.798726058874934
    ]
}