{
    "Stuttgart Baden-W\u00fcrttemberg Germany": [
        48.7784485,
        9.1800132
    ],
    "M\u00fcnchen Bayern Germany": [
        48.1371079,
        11.5753822
    ],
    "Potsdam Brandenburg Germany": [
        52.4009309,
        13.0591397
    ],
    "Bremen Bremen Germany": [
        53.0758196,
        8.8071646
    ],
    "Hamburg Hamburg Germany": [
        53.550341,
        10.000654
    ],
    "Wiesbaden Hessen Germany": [
        50.0820384,
        8.2416556
    ],
    "Schwerin Mecklenburg-Vorpommern Germany": [
        53.6288297,
        11.4148038
    ],
    "Hannover Niedersachsen Germany": [
        52.3744779,
        9.7385532
    ],
    "D\u00fcsseldorf Nordrhein-Westfalen Germany": [
        51.2254018,
        6.7763137
    ],
    "Mainz Rheinland-Pfalz Germany": [
        50.0012314,
        8.2762513
    ],
    "Saarbr\u00fccken Saarland Germany": [
        49.234362,
        6.996379
    ],
    "Dresden Sachsen Germany": [
        51.0493286,
        13.7381437
    ],
    "Magdeburg Sachsen-Anhalt Germany": [
        52.1315889,
        11.6399609
    ],
    "Kiel Schleswig-Holstein Germany": [
        54.3227085,
        10.135555
    ],
    "Erfurt Th\u00fcringen Germany": [
        50.9777974,
        11.0287364
    ],
    "Berlin Berlin Germany": [
        52.5170365,
        13.3888599
    ]
}